<PAMDataset>
  <Metadata />
  <Metadata domain="Esri">
    <MDI key="PyramidResamplingType">NEAREST</MDI>
  </Metadata>
  <PAMRasterBand band="1">
    <Histograms>
      <HistItem>
        <HistMin>416.7222290039063</HistMin>
        <HistMax>425.7974853515625</HistMax>
        <BucketCount>256</BucketCount>
        <IncludeOutOfRange>1</IncludeOutOfRange>
        <Approximate>0</Approximate>
        <HistCounts>1|1|0|0|0|2|0|0|1|5|7|10|4|5|0|3|3|3|3|2|10|9|2|0|0|0|0|0|0|4|0|0|0|0|0|1|0|0|2|1|0|1|0|0|1|1|0|1|2|2|2|1|1|4|2|6|4|2|3|2|2|7|9|4|10|6|7|11|8|16|11|24|31|44|41|43|41|38|45|57|47|66|66|44|52|31|23|28|22|42|27|32|22|33|38|33|29|38|20|32|27|28|37|33|31|39|31|24|28|39|24|38|42|44|35|39|36|39|32|31|34|23|34|35|32|27|21|32|27|24|24|22|19|22|22|26|30|34|29|36|32|32|34|26|23|39|46|29|45|41|30|31|39|40|34|33|38|23|25|25|31|20|32|14|19|26|31|35|34|42|35|34|26|31|42|35|31|30|21|28|25|22|26|28|24|29|28|21|26|37|21|19|13|23|17|24|22|22|15|17|27|18|15|16|21|20|16|12|21|16|14|27|20|30|27|28|20|38|55|88|69|58|34|36|30|33|32|14|8|16|17|12|9|3|4|6|3|0|0|0|1|0|1|3|0|0|1|0|1|1|0|0|0|1|0|1</HistCounts>
      </HistItem>
    </Histograms>
    <Metadata>
      <MDI key="RepresentationType">ATHEMATIC</MDI>
      <MDI key="STATISTICS_COVARIANCES">3.307838172176163</MDI>
      <MDI key="STATISTICS_MAXIMUM">425.79748535156</MDI>
      <MDI key="STATISTICS_MEAN">421.79881189187</MDI>
      <MDI key="STATISTICS_MINIMUM">416.72222900391</MDI>
      <MDI key="STATISTICS_SKIPFACTORX">1</MDI>
      <MDI key="STATISTICS_SKIPFACTORY">1</MDI>
      <MDI key="STATISTICS_STDDEV">1.8187463188076</MDI>
    </Metadata>
  </PAMRasterBand>
</PAMDataset>
